Acetobacter_pasteurianus_IFO_3283-01	/resources/HpxWContexts/Acetobacter_pasteurianus_IFO_3283-01.txt
Acidithiobacillus_ferrooxidans_ATCC_53993	/resources/HpxWContexts/Acidithiobacillus_ferrooxidans_ATCC_53993.txt
Cellvibrio_japonicus_Ueda107	/resources/HpxWContexts/Cellvibrio_japonicus_Ueda107.txt
Dickeya_dadantii_3937	/resources/HpxWContexts/Dickeya_dadantii_3937.txt
Dickeya_zeae_Ech1591	/resources/HpxWContexts/Dickeya_zeae_Ech1591.txt
Erwinia_billingiae_Eb661	/resources/HpxWContexts/Erwinia_billingiae_Eb661.txt
Erwinia_pyrifoliae_Ep196	/resources/HpxWContexts/Erwinia_pyrifoliae_Ep196.txt
Gluconacetobacter_diazotrophicus_PAI5	/resources/HpxWContexts/Gluconacetobacter_diazotrophicus_PAI5.txt
Gluconobacter_oxydans_621H	/resources/HpxWContexts/Gluconobacter_oxydans_621H.txt
Klebsiella_oxytoca_M5al	/resources/HpxWContexts/Klebsiella_oxytoca_M5al.txt
Klebsiella_pneumoniae_NTUH-K2044	/resources/HpxWContexts/Klebsiella_pneumoniae_NTUH-K2044.txt
Klebsiella_variicola_At-22	/resources/HpxWContexts/Klebsiella_variicola_At-22.txt
Marinomonas_sp_MWYL1	/resources/HpxWContexts/Marinomonas_sp_MWYL1.txt
Pantoea_ananatis_LMG_20103	/resources/HpxWContexts/Pantoea_ananatis_LMG_20103.txt
Pantoea_vagans_C9-1	/resources/HpxWContexts/Pantoea_vagans_C9-1.txt
Parvularcula_bermudensis_HTCC_2503	/resources/HpxWContexts/Parvularcula_bermudensis_HTCC_2503.txt
Pectobacterium_wasabiae_WPP163	/resources/HpxWContexts/Pectobacterium_wasabiae_WPP163.txt
Serratia_proteamaculans_568	/resources/HpxWContexts/Serratia_proteamaculans_568.txt
Teredinibacter_turnerae_T7901	/resources/HpxWContexts/Teredinibacter_turnerae_T7901.txt
Tolumonas_auensis_DSM_9187	/resources/HpxWContexts/Tolumonas_auensis_DSM_9187.txt
Xanthomonas_campestris_ATCC_33913	/resources/HpxWContexts/Xanthomonas_campestris_ATCC_33913.txt
Yersinia_enterocolitica_subsp_palearctica_Y11	/resources/HpxWContexts/Yersinia_enterocolitica_subsp_palearctica_Y11.txt
