/resources/Annotations/Acetobacter_pasteurianus_IFO_3283-01.gff	Acetobacter_pasteurianus_IFO_3283-01
/resources/Annotations/Acidithiobacillus_ferrooxidans_ATCC_53993.gff	Acidithiobacillus_ferrooxidans_ATCC_53993
/resources/Annotations/Cellvibrio_japonicus_Ueda107.gff	Cellvibrio_japonicus_Ueda107
/resources/Annotations/Dickeya_dadantii_3937.gff	Dickeya_dadantii_3937
/resources/Annotations/Dickeya_zeae_Ech1591.gff	Dickeya_zeae_Ech1591
/resources/Annotations/Erwinia_billingiae_Eb661.gff	Erwinia_billingiae_Eb661
/resources/Annotations/Erwinia_pyrifoliae_Ep196.gff	Erwinia_pyrifoliae_Ep196
/resources/Annotations/Gluconacetobacter_diazotrophicus_PAI5.gff	Gluconacetobacter_diazotrophicus_PAI5
/resources/Annotations/Gluconobacter_oxydans_621H.gff	Gluconobacter_oxydans_621H
/resources/Annotations/Klebsiella_oxytoca_M5al.gff	Klebsiella_oxytoca_M5al
/resources/Annotations/Klebsiella_pneumoniae_NTUH-K2044.gff	Klebsiella_pneumoniae_NTUH-K2044
/resources/Annotations/Klebsiella_variicola_At-22.gff	Klebsiella_variicola_At-22
/resources/Annotations/Marinomonas_sp_MWYL1.gff	Marinomonas_sp_MWYL1
/resources/Annotations/Pantoea_ananatis_LMG_20103.gff	Pantoea_ananatis_LMG_20103
/resources/Annotations/Pantoea_vagans_C9-1.gff	Pantoea_vagans_C9-1
/resources/Annotations/Parvularcula_bermudensis_HTCC_2503.gff	Parvularcula_bermudensis_HTCC_2503
/resources/Annotations/Pectobacterium_wasabiae_WPP163.gff	Pectobacterium_wasabiae_WPP163
/resources/Annotations/Serratia_proteamaculans_568.gff	Serratia_proteamaculans_568
/resources/Annotations/Teredinibacter_turnerae_T7901.gff	Teredinibacter_turnerae_T7901
/resources/Annotations/Tolumonas_auensis_DSM_9187.gff	Tolumonas_auensis_DSM_9187
/resources/Annotations/Xanthomonas_campestris_ATCC_33913.gff	Xanthomonas_campestris_ATCC_33913
/resources/Annotations/Yersinia_enterocolitica_subsp_palearctica_Y11.gff	Yersinia_enterocolitica_subsp_palearctica_Y11